iso3,country,mddw,mddw_year,mddw_source,mddw_source_group,pua,pua_year,cohd,pua_latest,pua_latest_year,gdp_pcap_ppp,gdp_year,region,income,n_interviews,design_effect,mode,fieldwork,excluded_pct,coverage_note,n_eff_women,flag_exclusion,flag_phone,flag_unverified,mddw_se,log_gdp,any_flag,fitted,resid,std_resid,cooks_d,pi95_lo,pi95_hi,outside_pi95,loo_pred,loo_resid,quadrant,notable
IDN,Indonesia,86.13,2021,Global Diet Quality Project,GDQP,69.7,2021,4.0,68.6,2025,12757.0746440204,2021,East Asia & Pacific,Upper middle income,1062.0,1.42,Face-to-face,2021-07-07 to 2021-10-15,0.0,,336.54929577464793,False,False,False,1.8840443035802283,9.453841270741709,False,43.32229733302167,42.80770266697832,3.31862226112719,0.1271728795743932,14.879948631764243,71.76464603427911,True,42.17899707675866,43.95100292324133,"higher unaffordability, higher MDD-W than predicted",True
ARM,Armenia,83.13,2022,Global Diet Quality Project,GDQP,57.0,2022,4.27,44.0,2025,17886.1783877168,2022,Europe & Central Asia,Upper middle income,1003.0,1.71,Face-to-face,2022-09-08 to 2022-10-19,3.0,Settlements near disputed territories excluded,263.94736842105266,False,False,False,2.3050362694304467,9.791783536451202,False,52.313785010563976,30.81621498943602,2.283227395647736,0.04292314257418354,23.993177202919746,80.6343928182082,True,51.772918047030984,31.35708195296901,"higher unaffordability, higher MDD-W than predicted",True
KGZ,Kyrgyzstan,87.9,2022,Global Diet Quality Project,GDQP,40.6,2022,3.7,22.1,2025,6139.77788825006,2022,Europe & Central Asia,Lower middle income,1000.0,1.62,Face-to-face,2022-10-05 to 2022-10-28,0.0,,277.77777777777777,False,False,False,1.9567636546093143,8.722543845934766,False,63.92483996424065,23.97516003575936,1.746909633945819,0.024086754417140217,35.62119095326001,92.22848897522128,False,63.53423937256099,24.365760627439016,"lower unaffordability, higher MDD-W than predicted",True
LAO,Lao People's Democratic Republic,73.37,2021,Global Diet Quality Project,GDQP,56.6,2021,4.33,49.7,2025,8080.43553249923,2021,East Asia & Pacific,Lower middle income,1000.0,1.49,Face-to-face,2021-08-30 to 2021-12-14,14.0,Xaisomboun and Xayaboury provinces and some communes excluded (security/access); Attapu and Houaphan excluded (COVID red zones),302.0134228187919,True,False,False,2.5434998717864676,8.997201052599484,True,52.596981472848775,20.77301852715123,1.5053689751530872,0.019311140719733673,24.278672676826723,80.91529026887082,False,52.2359379682302,21.1340620317698,"higher unaffordability, higher MDD-W than predicted",True
GTM,Guatemala,77.8,2023,Global Diet Quality Project,GDQP,50.0,2023,4.78,47.3,2025,12380.3715121996,2023,Latin America & Caribbean,Upper middle income,1000.0,1.79,Face-to-face,2023-08-16 to 2023-12-22,0.0,,251.3966480446927,False,False,False,2.6211178276961657,9.423867554851297,False,57.26972310054792,20.530276899452076,1.4857904775867032,0.016873239728024077,28.97574856168065,85.5636976394152,False,56.94996157835351,20.850038421646488,"higher unaffordability, higher MDD-W than predicted",True
UGA,Uganda,58.79,2021,Global Diet Quality Project,GDQP,74.6,2021,2.95,73.6,2025,2684.92035939744,2021,Sub-Saharan Africa,Low income,1000.0,1.54,Face-to-face,2021-09-12 to 2021-10-03,2.0,Three northern districts excluded (security),292.2077922077922,False,False,False,2.879434082516138,7.895406345198568,False,39.853140670032914,18.936859329967085,1.3784002186767275,0.030189773481364736,11.33871572621523,68.3675656138506,False,39.24288506998094,19.547114930019056,"higher unaffordability, higher MDD-W than predicted",True
IRQ,Iraq,91.2,2024,Global Diet Quality Project,GDQP,27.1,2024,4.78,28.0,2025,12725.0431260364,2024,"Middle East, North Africa, Afghanistan & Pakistan",Upper middle income,1000.0,1.5,Face-to-face,2024-08-20 to 2024-11-24,0.0,,300.0,False,False,False,1.6356038640208694,9.451327230492462,False,73.48272056635254,17.717279433647462,1.2820267558526106,0.019640382560081552,45.07424500787636,101.89119612482872,False,73.0550313443341,18.144968655665906,"lower unaffordability, higher MDD-W than predicted",True
DZA,Algeria,79.34,2024,Global Diet Quality Project,GDQP,41.8,2024,5.53,38.8,2025,15501.9197003966,2024,"Middle East, North Africa, Afghanistan & Pakistan",Upper middle income,1007.0,1.54,Mobile telephone,2024-09-25 to 2024-10-20,0.0,,294.25324675324674,False,True,False,2.3602098848727415,9.648719146876847,True,63.07525057738626,16.264749422613747,1.1697275149047395,0.010873493572525943,34.775737255805126,91.37476389896739,False,62.815253255067745,16.52474674493226,"lower unaffordability, higher MDD-W than predicted",True
CRI,Costa Rica,71.39,2023,Global Diet Quality Project,GDQP,52.5,2023,4.73,41.8,2025,26378.5409941926,2023,Latin America & Caribbean,High income,1000.0,1.47,Face-to-face,2023-09-27 to 2023-12-28,0.0,,306.12244897959187,False,False,False,2.583033450551244,10.180306117470861,False,55.49974521126794,15.890254788732058,1.142258195168223,0.010410769126243145,27.199572314991514,83.79991810754437,False,55.24495765550847,16.14504234449153,"higher unaffordability, higher MDD-W than predicted",True
IRN,Iran (Islamic Republic of),81.27,2023,Global Diet Quality Project,GDQP,38.5,2023,4.52,37.4,2025,17044.8173442641,2023,"Middle East, North Africa, Afghanistan & Pakistan",Upper middle income,1007.0,1.29,Landline and mobile telephone,2023-10-23 to 2023-10-27,0.0,Phone frame; 5-day fieldwork,351.27906976744185,False,True,False,2.0816508182440985,9.74360146842565,True,65.41162139123583,15.85837860876417,1.1404611478838365,0.01099120781658937,37.098694201335576,93.72454858113608,False,65.14233859532447,16.12766140467552,"lower unaffordability, higher MDD-W than predicted",True
TCD,Chad,58.75,2022,Global Diet Quality Project,GDQP,63.4,2022,3.49,66.6,2025,2449.48251052296,2022,Sub-Saharan Africa,Low income,1000.0,1.72,Face-to-face,2022-10-09 to 2022-11-12,23.0,Seven regions excluded (security/terrain) plus North Kanem and Bahr El Gazal North,261.6279069767442,True,False,False,3.043504011278228,7.803632061033936,True,47.782641614007225,10.967358385992775,0.7861708764650096,0.006607731386188236,19.41247366959407,76.15280955842039,False,47.54953693701209,11.200463062987907,"higher unaffordability, higher MDD-W than predicted",False
PER,Peru,76.5,2023,Global Diet Quality Project,GDQP,38.3,2023,4.3,34.8,2025,15342.2741359642,2023,Latin America & Caribbean,Upper middle income,1000.0,1.29,Face-to-face,2023-08-09 to 2023-10-09,0.0,,348.83720930232556,False,False,False,2.2701431672914376,9.63836731269256,False,65.55321962237824,10.946780377621764,0.7830511089682736,0.005260957060536106,37.239273408694245,93.86716583606223,False,65.36650944245193,11.133490557548072,"lower unaffordability, higher MDD-W than predicted",False
MEX,Mexico,85.77,2022,Global Diet Quality Project,GDQP,25.2,2022,3.78,20.0,2025,21391.8573698845,2022,Latin America & Caribbean,Upper middle income,1003.0,1.86,Landline and mobile telephone,2021-11-09 to 2022-02-01,0.0,Phone frame,242.66129032258064,False,True,False,2.242693393895593,9.970765631868323,True,74.82790376220532,10.942096237794672,0.7861437222264827,0.0080530639147226,46.396118409633516,103.25968911477713,False,74.54444625856183,11.225553741438162,"lower unaffordability, higher MDD-W than predicted",False
KEN,Kenya,48.5,2022,DHS Program,DHS,77.8,2022,3.86,76.3,2025,5491.69378280246,2022,Sub-Saharan Africa,Lower middle income,,,Face-to-face household survey,multi-month,0.0,National DHS,10000.0,False,False,False,0.4997749493522059,8.610992008378261,False,37.58756897175454,10.912431028245457,0.78805009808688,0.011385705862185288,9.018601463420865,66.15653648008822,False,37.189805876514406,11.310194123485594,"higher unaffordability, higher MDD-W than predicted",False
UZB,Uzbekistan,88.94,2022,Global Diet Quality Project,GDQP,17.2,2022,4.52,6.2,2025,10091.3877869999,2022,Europe & Central Asia,Lower middle income,1000.0,1.46,Face-to-face,2022-07-06 to 2022-09-08,6.0,Karakalpakstan excluded,308.2191780821918,False,False,False,1.7864723426661584,9.219437644722278,False,80.49183300790126,8.448166992098734,0.6085203569321888,0.006581899723625678,51.938958492319486,109.04470752348304,False,80.19446154247858,8.74553845752142,"lower unaffordability, higher MDD-W than predicted",False
MDG,Madagascar,40.27,2023,Global Diet Quality Project,GDQP,85.9,2023,3.87,85.3,2025,1629.6055225489,2023,Sub-Saharan Africa,Low income,1000.0,1.5,Face-to-face,2023-06-25 to 2023-08-13,17.0,Unsafe or unreachable regions excluded,300.0,True,False,False,2.831564408591124,7.3960932538052955,True,31.852840610487398,8.417159389512605,0.6104509634099303,0.009301083553684976,3.11968588025389,60.585995340720906,False,31.436786878202717,8.833213121797286,"higher unaffordability, higher MDD-W than predicted",False
ALB,Albania,90.98,2022,Global Diet Quality Project,GDQP,14.2,2022,4.17,11.9,2025,19388.7927279351,2022,Europe & Central Asia,Upper middle income,1000.0,1.65,Face-to-face,2022-09-01 to 2022-10-13,2.0,Remote/difficult-access rural areas excluded,272.72727272727275,False,False,False,1.7346503586217783,9.87245048368536,False,82.61580647503725,8.364193524962758,0.603688897474151,0.007266674030051827,54.00803001365339,111.22358293642111,False,82.28556698970499,8.694433010295015,"lower unaffordability, higher MDD-W than predicted",False
GMB,Gambia,70.8,2018,Gambia Micronutrient Survey 2018,Other,42.7,2018,2.86,43.7,2025,2651.43281455826,2018,Sub-Saharan Africa,Low income,,,Face-to-face household survey,unknown,,Gambia Micronutrient Survey 2018; national; not verified here,2000.0,False,False,True,1.016700545883595,7.882855457601907,True,62.43805853724547,8.36194146275453,0.5965705090441041,0.0028395893864802215,34.14109012274383,90.7350269517471,False,62.305966643193784,8.494033356806213,"lower unaffordability, higher MDD-W than predicted",False
HND,Honduras,72.76,2022,Global Diet Quality Project,GDQP,39.4,2022,4.28,34.2,2025,6352.58710177732,2022,Latin America & Caribbean,Lower middle income,1000.0,1.51,Face-to-face,2022-08-20 to 2022-10-03,0.0,,298.0132450331126,False,False,False,2.5788858162651045,8.75661742651745,False,64.77442935109504,7.985570648904968,0.5698209951551112,0.002733827793111711,36.46579644746956,93.08306225472052,False,64.64137675526382,8.118623244736185,"lower unaffordability, higher MDD-W than predicted",False
COG,Congo,44.5,2023,Global Diet Quality Project,GDQP,78.2,2023,4.33,77.3,2025,6172.28776650683,2023,Sub-Saharan Africa,Lower middle income,1000.0,1.84,Face-to-face,2023-06-29 to 2023-08-18,0.0,,244.56521739130432,False,False,False,3.177818958552128,8.727824836911203,False,37.30437250946974,7.1956274905302635,0.5183379577757498,0.005029794788787908,8.728174073749155,65.88057094519031,False,37.038035408547515,7.461964591452485,"higher unaffordability, higher MDD-W than predicted",False
PAK,Pakistan,53.98,2021,Global Diet Quality Project,GDQP,62.6,2021,3.3,63.0,2025,5367.27364714762,2021,"Middle East, North Africa, Afghanistan & Pakistan",Lower middle income,1002.0,1.72,Face-to-face,2021-10-16 to 2021-12-14,5.0,AJK and Gilgit-Baltistan excluded,262.1511627906977,False,False,False,3.0783206315855036,8.588075357861873,False,48.34903453857682,5.63096546142318,0.4020819552947883,0.001694777360146509,19.986374677208573,76.71169439994506,False,48.23252272129198,5.747477278708018,"higher unaffordability, higher MDD-W than predicted",False
CHN,"China, mainland",86.24,2021,Global Diet Quality Project,GDQP,16.6,2021,3.13,11.3,2025,20843.2978347377,2021,East Asia & Pacific,Upper middle income,3500.0,2.4,Mobile telephone,2021-09-26 to 2021-12-16,1.0,Tibet excluded; phone frame,656.25,False,True,False,1.34471092308595,9.944787728776689,True,80.91662770132847,5.323372298671529,0.3829162727142145,0.0026764447452556754,52.35318496281308,109.48007043984384,False,80.72487669977579,5.515123300224204,"lower unaffordability, higher MDD-W than predicted",False
SEN,Senegal,62.8,2023,DHS Program,DHS,49.4,2023,3.63,45.5,2025,4304.76148721773,2023,Sub-Saharan Africa,Lower middle income,,,Face-to-face household survey,multi-month,0.0,National continuous DHS,10000.0,False,False,False,0.4833383907781379,8.36747701166096,False,57.694517793975116,5.105482206024881,0.3635473575081518,0.0010387467373400865,29.40148257549367,85.98755301245656,False,57.61535426041805,5.184645739581946,"lower unaffordability, higher MDD-W than predicted",False
EGY,Egypt,77.49,2021,Global Diet Quality Project,GDQP,28.1,2021,4.01,38.5,2025,15579.0160861551,2021,"Middle East, North Africa, Afghanistan & Pakistan",Lower middle income,1006.0,1.49,Face-to-face,2021-09-04 to 2021-09-25,2.0,Frontier governorates excluded,303.8255033557047,False,False,False,2.3960642803951,9.65368016506566,False,72.77472941064055,4.715270589359449,0.3369941227169851,0.0013402974892783562,44.37767780972567,101.17178101155542,False,72.66497148137259,4.825028518627406,"lower unaffordability, higher MDD-W than predicted",False
MWI,Malawi,31.6,2024,DHS Program,DHS,92.1,2024,4.69,92.7,2025,1634.24660266597,2024,Sub-Saharan Africa,Low income,,,Face-to-face household survey,multi-month,0.0,National DHS,10000.0,False,False,False,0.4649128950674523,7.398937183656944,False,27.463295445073058,4.1367045549269434,0.30108897899933845,0.0028368258357272785,-1.4205232335338316,56.347114123679944,False,27.208076731638485,4.391923268361516,"higher unaffordability, higher MDD-W than predicted",False
TUN,Tunisia,90.82,2022,Global Diet Quality Project,GDQP,7.6,2022,4.38,8.6,2025,12712.22345453,2022,"Middle East, North Africa, Afghanistan & Pakistan",Lower middle income,1000.0,1.28,Face-to-face,2022-08-13 to 2022-08-28,0.0,,351.5625,False,False,False,1.539964882716487,9.450319286297582,False,87.2885481027364,3.5314518972635938,0.2556267104977625,0.0016747037923217736,58.54196180462283,116.03513440084997,False,87.11017899753686,3.70982100246313,"lower unaffordability, higher MDD-W than predicted",False
GHA,Ghana,49.9,2022,DHS Program,DHS,64.7,2022,3.83,65.8,2025,6728.45413832472,2022,Sub-Saharan Africa,Lower middle income,,,Face-to-face household survey,multi-month,0.0,National DHS,10000.0,False,False,False,0.499998999999,8.814100699125778,False,46.86225311158164,3.0377468884183614,0.2168783528697918,0.0005307384852787218,18.479086283100195,75.24541994006307,False,46.79472035922279,3.105279640777212,"higher unaffordability, higher MDD-W than predicted",False
VNM,Viet Nam,88.67,2021,Global Diet Quality Project,GDQP,9.6,2021,3.88,7.0,2025,12048.9019935536,2021,East Asia & Pacific,Upper middle income,1007.0,2.56,Mobile telephone,2021-11-13 to 2021-12-12,0.0,Phone frame,177.01171875,False,True,False,2.382332084136983,9.396728813900122,True,85.87256579131241,2.7974342086875907,0.20210977423838236,0.0009730773039679115,57.170646344081106,114.57448523854372,False,85.74128394940398,2.928716050596023,"lower unaffordability, higher MDD-W than predicted",False
MUS,Mauritius,80.7,2022,Mauritius Nutrition Survey,Other,20.7,2022,4.21,17.8,2025,25005.0666145723,2022,Sub-Saharan Africa,Upper middle income,,,Face-to-face household survey,unknown,,Mauritius Nutrition Survey; national assumed; not verified here,2000.0,False,False,True,0.8824709626950906,10.126833747899537,True,78.0138639629093,2.686136037090705,0.1925582788631311,0.0005789507011082915,49.518513708407056,106.50921421741154,False,77.9312428012457,2.768757198754301,"lower unaffordability, higher MDD-W than predicted",False
NER,Niger,33.57,2022,Global Diet Quality Project,GDQP,86.9,2022,4.48,85.8,2025,1724.89699425215,2022,Sub-Saharan Africa,Low income,1000.0,1.58,Face-to-face,2022-09-22 to 2022-10-18,8.0,Communes in Agadez and Diffa excluded (insecurity); PSUs < 25 households excluded,284.8101265822785,False,False,False,2.7982085769291754,7.452922614205525,False,31.144849454775404,2.4251505452245965,0.17556154990987569,0.0008022192290830226,2.388849362081128,59.900849547469676,False,31.02051945005767,2.5494805499423308,"higher unaffordability, higher MDD-W than predicted",False
SRB,Serbia,87.81,2024,Global Diet Quality Project,GDQP,9.4,2024,5.58,8.5,2025,26900.7415340646,2024,Europe & Central Asia,Upper middle income,1000.0,1.31,Face-to-face,2024-05-20 to 2024-08-16,0.0,,343.51145038167937,False,False,False,1.765237855549973,10.19990913153209,False,86.0141640224548,1.7958359775451953,0.12974290979868167,0.0004041275369349909,57.30787939200006,114.72044865290955,False,85.92926074784395,1.8807392521560473,"lower unaffordability, higher MDD-W than predicted",False
BOL,Bolivia (Plurinational State of),87.14,2021,Global Diet Quality Project,GDQP,8.9,2021,3.96,10.5,2025,11202.4409836707,2021,Latin America & Caribbean,Lower middle income,1002.0,2.03,Mobile telephone,2021-08-11 to 2021-09-06,0.0,Phone frame,222.11822660098525,False,True,False,2.2461417658094405,9.323886978507229,True,86.3681596003108,0.7718403996891965,0.055780145617634995,7.610577207322919e-05,57.650863230352854,115.08545597026875,False,86.33098914894373,0.8090108510562715,"lower unaffordability, higher MDD-W than predicted",False
KAZ,Kazakhstan,88.02,2021,Global Diet Quality Project,GDQP,6.3,2021,2.59,3.4,2025,32945.8515725823,2021,Europe & Central Asia,Upper middle income,1000.0,1.46,Face-to-face,2021-09-03 to 2021-10-19,0.0,,308.2191780821918,False,False,False,1.8496487450324184,10.402620631324142,False,88.20893660516198,-0.18893660516198452,-0.01368511443261802,5.036902261764031e-06,59.43211022770662,116.98576298261733,False,88.21894062690549,-0.19894062690549674,"lower unaffordability, lower MDD-W than predicted",False
GRC,Greece,74.12,2021,Global Diet Quality Project,GDQP,25.3,2021,3.25,22.7,2025,33528.2271202515,2021,Europe & Central Asia,High income,1009.0,2.03,Landline and mobile telephone,2021-08-30 to 2021-09-24,0.0,Phone frame,223.66995073891627,False,True,False,2.9285053399376593,10.420142963629074,True,74.75710464663413,-0.6371046466341284,-0.04554901478056568,2.7196303199482026e-05,46.32659847108344,103.18761082218482,False,74.7735471350498,-0.6535471350497915,"lower unaffordability, lower MDD-W than predicted",False
CHE,Switzerland,90.89,2023,Global Diet Quality Project,GDQP,1.1,2023,3.01,1.1,2025,85383.3564504008,2023,Europe & Central Asia,High income,1000.0,1.92,Landline and mobile telephone,2023-07-10 to 2023-08-12,0.0,Phone frame,234.375,False,True,False,1.87958338646272,11.354906471443696,True,91.89049061486435,-1.000490614864347,-0.07283755113746364,0.0001714630360878376,62.9832634511294,120.79771777859929,False,91.95415550568386,-1.064155505683857,"lower unaffordability, lower MDD-W than predicted",False
MRT,Mauritania,53.43,2023,Global Diet Quality Project,GDQP,53.8,2023,5.28,50.9,2025,6276.47521075653,2023,Sub-Saharan Africa,Lower middle income,1000.0,1.39,Face-to-face,2023-07-27 to 2023-08-22,4.0,Some communes in Hodh Ech Chargui and Hodh El Gharbi excluded,323.7410071942446,False,False,False,2.7723422864670466,8.744563829717528,False,54.579356708842354,-1.1493567088423546,-0.08179639684847984,5.566396016719958e-05,26.27450505247065,82.88420836521405,False,54.5981844093025,-1.1681844093024978,"higher unaffordability, lower MDD-W than predicted",False
SLE,Sierra Leone,45.08,2023,Global Diet Quality Project,GDQP,64.8,2023,3.74,61.9,2025,3034.94608192505,2023,Sub-Saharan Africa,Low income,1000.0,1.25,Face-to-face,2023-12-02 to 2023-12-25,0.0,,360.0,False,False,False,2.622442457794726,8.017948937907471,False,46.79145399601044,-1.711453996010441,-0.12216192146396404,0.00016907068098353517,18.407246348918655,75.17566164310222,False,46.829635695648385,-1.7496356956483865,"higher unaffordability, lower MDD-W than predicted",False
MKD,North Macedonia,79.29,2024,Global Diet Quality Project,GDQP,16.1,2024,5.19,15.6,2025,24203.1855800189,2024,Europe & Central Asia,Upper middle income,1005.0,1.38,Face-to-face,2024-06-20 to 2024-09-13,0.0,,327.71739130434787,False,False,False,2.238460905149026,10.094239539019553,False,81.27062327918446,-1.9806232791844565,-0.1423738119972394,0.00037793112953645835,52.69821607399341,109.84303048437552,False,81.34334842513157,-2.05334842513156,"lower unaffordability, lower MDD-W than predicted",False
CMR,Cameroon,52.59,2021,Global Diet Quality Project,GDQP,52.6,2021,3.41,55.3,2025,4793.55628200196,2021,Sub-Saharan Africa,Lower middle income,1000.0,1.42,Face-to-face,2021-06-08 to 2021-07-01,20.0,Extreme North / Northwest / South West arrondissements excluded for insecurity; small neighbourhoods excluded,316.90140845070425,True,False,False,2.8049458295422864,8.475027853764898,True,55.42894609569674,-2.838946095696734,-0.2020622232207418,0.00033281021861650647,27.128448643927403,83.72944354746608,False,55.47453461460725,-2.8845346146072472,"higher unaffordability, lower MDD-W than predicted",False
MDA,Republic of Moldova,78.95,2023,Global Diet Quality Project,GDQP,15.0,2023,3.56,11.4,2025,15980.5668889856,2023,Europe & Central Asia,Upper middle income,1000.0,2.0,Face-to-face,2023-07-06 to 2023-09-25,13.0,Transnistria excluded,225.0,True,False,False,2.7177584718129597,9.679128693596278,True,82.04941355046765,-3.099413550467645,-0.22301785656911635,0.0009667366205738324,53.45678085160549,110.64204624932981,False,82.16811109187495,-3.2181110918749454,"lower unaffordability, lower MDD-W than predicted",False
BGD,Bangladesh,58.79,2022,Global Diet Quality Project,GDQP,43.3,2022,4.13,38.6,2025,7888.16389098304,2022,South Asia,Lower middle income,1000.0,1.27,Face-to-face,2022-02-27 to 2022-03-30,0.0,,354.3307086614173,False,False,False,2.6148612000554747,8.97311867332107,False,62.01326384381827,-3.2232638438182732,-0.22939603725716823,0.0004190479404429,33.71772678883666,90.30880089879989,False,62.06383942952958,-3.2738394295295805,"lower unaffordability, lower MDD-W than predicted",False
LBN,Lebanon,56.2,2023,LIMA Survey Report,Other,45.2,2023,6.42,46.4,2025,11330.2687387422,2023,"Middle East, North Africa, Afghanistan & Pakistan",Lower middle income,,,Face-to-face household survey,unknown,,LIMA survey; population scope (incl. refugee populations) not verified here,2000.0,False,False,True,1.1094052460665578,9.335233072958955,True,60.66808064796548,-4.468080647965479,-0.31807432461581864,0.0007931388930097079,32.37567594970071,88.96048534623026,False,60.7371523988847,-4.5371523988847,"lower unaffordability, lower MDD-W than predicted",False
ZMB,Zambia,27.0,2024,DHS Program,DHS,86.3,2024,3.98,86.2,2025,3708.06904295647,2024,Sub-Saharan Africa,Lower middle income,,,Face-to-face household survey,multi-month,0.0,National DHS,10000.0,False,False,False,0.4439594576084622,8.218266546511444,False,31.569644148202606,-4.569644148202606,-0.33083741461799626,0.0027837129555225615,2.827418759756192,60.31186953664902,False,31.798848065586334,-4.798848065586334,"higher unaffordability, lower MDD-W than predicted",False
NGA,Nigeria,29.6,2024,DHS Program,DHS,81.6,2024,4.72,80.5,2025,7994.03754470824,2024,Sub-Saharan Africa,Lower middle income,,,Face-to-face household survey,multi-month,0.0,National DHS; check report for insecure-area exclusions,10000.0,False,False,False,0.4564909637659873,8.986451235871227,False,34.89720258004897,-5.2972025800489675,-0.38215269769937554,0.0031174593476939166,6.255851177050502,63.538553983047436,False,35.12033859269489,-5.520338592694891,"higher unaffordability, lower MDD-W than predicted",False
BEN,Benin,41.8,2021,Global Diet Quality Project,GDQP,62.2,2021,3.07,53.5,2025,3464.2886286745,2021,Sub-Saharan Africa,Lower middle income,1000.0,1.47,Face-to-face,2021-07-26 to 2021-08-14,0.0,,306.12244897959187,False,False,False,2.819045228441715,8.150262588576828,False,48.632231000861616,-6.8322310008616185,-0.4880897728806897,0.0024617064546630946,20.27318471177482,76.99127728994841,False,48.771748643311454,-6.971748643311457,"higher unaffordability, lower MDD-W than predicted",False
RWA,Rwanda,32.0,2021,Rwanda Comprehensive Food Security and Vulnerability Analysis,Other,74.6,2021,3.31,69.7,2025,2776.39276387923,2021,Sub-Saharan Africa,Low income,,,Face-to-face household survey (CFSVA),unknown,,WFP CFSVA; national coverage assumed; not verified here,2000.0,False,False,True,1.0430723848324237,7.928907797165833,True,39.853140670032914,-7.853140670032914,-0.5646180624863569,0.0051919523978144096,11.33871572621523,68.3675656138506,False,40.10621447643225,-8.10621447643225,"higher unaffordability, lower MDD-W than predicted",False
BIH,Bosnia and Herzegovina,75.81,2024,Global Diet Quality Project,GDQP,12.7,2024,6.45,12.7,2025,20578.4995446816,2024,Europe & Central Asia,Upper middle income,1000.0,1.46,Face-to-face,2024-05-21 to 2024-08-22,0.0,,308.2191780821918,False,False,False,2.4392221410386825,9.932002098308402,False,83.67779320860524,-7.867793208605235,-0.5683055291798791,0.006821020788403198,55.04063863941468,112.3149477777958,False,84.00660686982067,-8.19660686982067,"lower unaffordability, lower MDD-W than predicted",False
MAR,Morocco,75.63,2021,Global Diet Quality Project,GDQP,12.5,2021,2.76,12.4,2025,8623.265625,2021,"Middle East, North Africa, Afghanistan & Pakistan",Lower middle income,1004.0,1.75,Mobile telephone,2021-11-12 to 2021-11-28,0.0,Phone frame,258.1714285714286,False,True,False,2.6719032353493617,9.062219134722346,True,83.81939143974763,-8.189391439747638,-0.591752090995724,0.007448280082543678,55.17822302463043,112.46055985486484,False,84.16423795135182,-8.534237951351827,"lower unaffordability, lower MDD-W than predicted",False
MOZ,Mozambique,20.8,2023,DHS Program,DHS,89.9,2023,3.81,91.3,2025,1512.66729609671,2023,Sub-Saharan Africa,Low income,,,Face-to-face household survey,multi-month,0.0,National DHS (2022-23),10000.0,False,False,False,0.4058768286069063,7.321629792777833,False,29.020875987639428,-8.220875987639428,-0.5983221259289478,0.010324618818165111,0.19297529709837846,57.84877667818048,False,29.49030875958804,-8.690308759588039,"higher unaffordability, lower MDD-W than predicted",False
BDI,Burundi,19.4,2023,CFSVA Burundi,Other,91.5,2023,4.5,90.9,2025,1033.00937341776,2023,Sub-Saharan Africa,Low income,,,Face-to-face household survey (CFSVA),unknown,,WFP CFSVA; national coverage assumed; not verified here,2000.0,False,False,True,0.8842058583836685,6.940231543055004,True,27.888090138500246,-8.488090138500247,-0.6188598383554379,0.01168201334775469,-0.9802114763797753,56.75639175338027,False,28.40091114767158,-9.00091114767158,"higher unaffordability, lower MDD-W than predicted",False
AGO,Angola,32.1,2024,DHS Program,DHS,72.2,2024,5.0,72.9,2025,8752.7974709833,2024,Sub-Saharan Africa,Lower middle income,,,Face-to-face household survey,multi-month,0.0,National DHS; women 15-49 sample typically 10k-40k,10000.0,False,False,False,0.46686079295653,9.077128639224519,False,41.552319443741695,-9.452319443741693,-0.6794222646733378,0.006838916994543712,13.074932146315884,70.0297067411675,False,41.83003954364336,-9.730039543643358,"higher unaffordability, lower MDD-W than predicted",False
GAB,Gabon,56.25,2021,Global Diet Quality Project,GDQP,37.2,2021,3.81,39.3,2025,18523.5798032135,2021,Sub-Saharan Africa,Upper middle income,1000.0,2.19,Mobile telephone,2021-10-10 to 2021-10-31,0.0,Phone frame,205.47945205479456,False,True,False,3.4607170499767816,9.826799783431326,True,66.33200989366142,-10.082009893661422,-0.7208198255090585,0.004581780281875536,38.0120384200415,94.65198136728134,False,66.50848586458933,-10.258485864589332,"lower unaffordability, lower MDD-W than predicted",False
COD,Democratic Republic of the Congo,17.2,2024,DHS Program,DHS,90.8,2024,2.77,90.1,2025,1601.70926640422,2024,Sub-Saharan Africa,Low income,,,Face-to-face household survey,multi-month,0.0,National DHS,10000.0,False,False,False,0.3773804446443933,7.378826629513212,False,28.38368394749864,-11.18368394749864,-0.8166520928267614,0.019760041507938222,-0.46676703812887155,57.23413493312615,False,29.04295263005571,-11.84295263005571,"higher unaffordability, lower MDD-W than predicted",False
MNG,Mongolia,55.1,2023,Global Diet Quality Project,GDQP,36.6,2023,6.74,29.8,2025,16222.8638898529,2023,East Asia & Pacific,Upper middle income,1000.0,1.28,Face-to-face,2023-07-31 to 2023-09-22,0.0,,351.5625,False,False,False,2.6527583966714934,9.694176877425928,False,66.75680458708862,-11.656804587088622,-0.8346813007728288,0.0062198955663737825,38.43324669031011,95.08036248386713,False,66.96395611772253,-11.86395611772253,"lower unaffordability, lower MDD-W than predicted",False
JOR,Jordan,76.4,2023,DHS Program,DHS,2.4,2023,3.28,2.2,2025,10308.7821986337,2023,"Middle East, North Africa, Afghanistan & Pakistan",Upper middle income,,,Face-to-face household survey,multi-month,0.0,National DHS,10000.0,False,False,False,0.4246221850068599,9.240751451570231,False,90.97010211243875,-14.570102112438747,-1.0688435997746242,0.03466490099617902,62.09688491277876,119.84331931209874,False,91.8562774215707,-15.45627742157069,"lower unaffordability, lower MDD-W than predicted",True
TZA,United Republic of Tanzania,25.0,2022,DHS Program,DHS,73.8,2022,3.1,73.0,2025,3546.98095703125,2022,Sub-Saharan Africa,Lower middle income,,,Face-to-face household survey,2022-02 to 2022-07,0.0,National DHS,10000.0,False,False,False,0.4330127018922193,8.173852086005686,False,40.419533594602505,-15.419533594602505,-1.1161764412936512,0.01939007340549968,11.917823869327695,68.92124331987732,False,40.9013483402336,-15.901348340233604,"higher unaffordability, lower MDD-W than predicted",True
MLI,Mali,33.5,2024,DHS Program https,DHS,61.4,2024,3.86,60.8,2025,2917.93245883671,2024,Sub-Saharan Africa,Low income,,,Face-to-face household survey,multi-month,0.0,National DHS; check report for insecure-area exclusions,10000.0,False,False,False,0.4719904660054057,7.978630582425785,False,49.198623925431214,-15.698623925431214,-1.130390932535574,0.012659357240452643,20.846523663392446,77.55072418746998,False,49.51103529176563,-16.01103529176563,"higher unaffordability, lower MDD-W than predicted",True
LBR,Liberia,33.89,2023,Global Diet Quality Project,GDQP,60.8,2023,3.64,59.6,2025,1616.92373356695,2023,Sub-Saharan Africa,Low income,1002.0,1.37,Face-to-face,2023-08-03 to 2023-09-11,0.0,,329.1240875912409,False,False,False,2.6090928156104702,7.38828069307638,False,49.62341861885841,-15.733418618858408,-1.132736981938647,0.012473854675480837,21.276281764123148,77.97055547359366,False,49.930683132306,-16.040683132306,"higher unaffordability, lower MDD-W than predicted",True
CIV,Côte d'Ivoire,40.48,2023,Global Diet Quality Project,GDQP,50.0,2023,3.45,46.6,2025,6520.89886459765,2023,Sub-Saharan Africa,Lower middle income,1000.0,2.07,Face-to-face,2023-07-08 to 2023-08-03,9.2,PSUs with population < 100 excluded,217.3913043478261,False,False,False,3.3291290392533597,8.782767508086865,False,57.26972310054792,-16.789723100547924,-1.2080939632099144,0.011284853631150624,28.97574856168065,85.5636976394152,False,57.531225049213646,-17.05122504921365,"higher unaffordability, lower MDD-W than predicted",True
ETH,Ethiopia,24.08,2023,Global Diet Quality Project,GDQP,72.3,2023,4.44,67.9,2025,2757.95923626099,2023,Sub-Saharan Africa,Low income,1000.0,1.51,Face-to-face,2023-06-26 to 2023-08-10,7.0,Tigray Gambella Harari excluded (conflict),298.0132450331126,False,False,False,2.476786419715856,7.922246278063088,False,41.4815203281705,-17.4015203281705,-1.2619673544961794,0.023270222625473215,13.002656214205619,69.96038444213538,False,41.99476449280375,-17.914764492803755,"higher unaffordability, lower MDD-W than predicted",True
GIN,Guinea,39.25,2023,Global Diet Quality Project,GDQP,48.6,2023,4.65,50.3,2025,3904.82395527998,2023,Sub-Saharan Africa,Lower middle income,1000.0,1.73,Face-to-face,2023-09-21 to 2023-10-12,0.0,,260.1156069364162,False,False,False,3.0276785661625305,8.269967979383043,False,58.26091071854471,-19.010910718544707,-1.3723139872525445,0.014338280084365836,29.968797694249325,86.55302374284008,False,58.5543887453488,-19.304388745348803,"lower unaffordability, lower MDD-W than predicted",True
LSO,Lesotho,18.3,2024,DHS Program,DHS,77.1,2024,5.24,77.4,2025,2697.62738436647,2024,Sub-Saharan Africa,Lower middle income,,,Face-to-face household survey,multi-month,0.0,National DHS,10000.0,False,False,False,0.386666522988479,7.900127919137414,False,38.083162780752936,-19.783162780752935,-1.4443393523912205,0.0363938837850294,9.526628835610456,66.63969672589542,False,38.78514161673459,-20.48514161673459,"higher unaffordability, lower MDD-W than predicted",True
NPL,Nepal,55.7,2022,DHS Program,DHS,22.7,2022,3.88,17.9,2025,4763.38751073946,2022,South Asia,Lower middle income,,,Face-to-face household survey,multi-month,0.0,National DHS,10000.0,False,False,False,0.4967403748438413,8.468714356034255,False,76.59788165148531,-20.897881651485307,-1.5232921204274832,0.03237916296798257,48.132230377353224,105.0635329256174,False,77.1931331187202,-21.493133118720195,"lower unaffordability, lower MDD-W than predicted",True
COM,Comoros,31.96,2023,Global Diet Quality Project,GDQP,49.8,2023,4.97,48.6,2025,3508.15862331545,2023,Sub-Saharan Africa,Lower middle income,1000.0,1.86,Face-to-face,2023-09-20 to 2023-11-23,0.0,,241.93548387096772,False,False,False,2.998028472179676,8.162846570062563,False,57.411321331690324,-25.451321331690323,-1.8594790064591402,0.025889483216516195,29.117683486270693,85.70495917710996,False,57.80709440010358,-25.84709440010358,"higher unaffordability, lower MDD-W than predicted",True
MYS,Malaysia,62.94,2023,Global Diet Quality Project,GDQP,1.9,2023,4.15,1.4,2025,32857.6676600774,2023,East Asia & Pacific,Upper middle income,1000.0,1.68,Face-to-face,2023-08-21 to 2023-11-10,0.0,,267.8571428571429,False,False,False,2.950967732795464,10.399940410985689,False,91.32409769029475,-28.38409769029475,-2.1382405576248513,0.134007439736745,62.43791052732705,120.21028485326245,False,93.08084031624931,-30.14084031624931,"lower unaffordability, lower MDD-W than predicted",True
BFA,Burkina Faso,17.5,2023,SMART Survey Burkina Faso 2023,Other,65.3,2023,3.55,65.5,2025,2486.20669812871,2023,Sub-Saharan Africa,Low income,,,Face-to-face household survey (SMART),unknown,,SMART nutrition survey; coverage and exclusions of insecure areas not verified here,2000.0,False,False,True,0.8496322733983214,7.818513413477029,True,46.43745841815444,-28.937458418154442,-2.1394077780959377,0.049216934664272,18.047959085986747,74.82695775032214,True,47.09456702603814,-29.594567026038142,"higher unaffordability, lower MDD-W than predicted",True
