model,n,term,coef,se,p,r2,spearman_resid_vs_headline,note
OLS mddw ~ pua (headline),66,pua,-0.7079911557119922,0.05617244413617735,2.0098905417048132e-36,0.6519590867416685,,
Fractional logit mddw/100 ~ pua,66,pua,-0.03292479052385236,0.0028844538196838433,3.536620272617222e-30,,0.9926103746999271,logit scale
OLS restricted cubic spline (4 df),66,,,,,0.6708034787322994,0.9635946143408832,F-test spline vs linear p=0.178
OLS mddw ~ log_gdp,66,log_gdp,19.187440130684188,1.7255699685974892,1.0085852323172685e-28,0.6146399131341909,,
OLS mddw ~ pua + log_gdp,66,pua,-0.4387009561953616,0.10922348285835728,5.90577694179629e-05,0.7125314250687709,,
OLS mddw ~ pua + log_gdp,66,log_gdp,9.63212765782475,3.1150474052852184,0.001987266322713858,0.7125314250687709,,
OLS mddw ~ pua + region FE,66,pua,-0.38675547847404534,0.11803651615712638,0.0010507446311092054,0.7809131189754259,0.7911282747103644,within-region benchmark
OLS mddw ~ pua + source dummies,66,pua,-0.6174299362200807,0.062354508963754815,4.0832102626096593e-23,0.6997483508292344,0.9183383780398708,
OLS mddw ~ pua + source dummies,66,"C(mddw_source_group, Treatment('GDQP'))[T.DHS]",-12.841310056965433,4.12399394951336,0.0018469195335296422,0.6997483508292344,,
OLS mddw ~ pua + source dummies,66,"C(mddw_source_group, Treatment('GDQP'))[T.Other]",-11.049505521629424,6.9854662118298085,0.11369866536966729,0.6997483508292344,,
"OLS, GDQP-sourced only",46,pua,-0.5857719859117642,0.08388566679356683,2.8898227964998918e-12,0.5065231539097688,,
"OLS, DHS/national-sourced only",20,pua,-0.6883536306716216,0.09749403640553775,1.659414546279141e-12,0.7423919591724841,,small n
"WLS, precision-weighted (1/SE^2 of MDD-W)",66,pua,-0.6937648361934798,0.08503099161359534,3.379091248486532e-16,0.7606045168371538,0.9990397662039454,"approx. SEs, see 02_build_panel"
OLS mddw ~ pua_latest (latest CoAHD year),66,pua_latest,-0.7083766368551524,0.053390999843705676,3.5627366071050714e-40,0.6800425990411698,0.9786661100093939,
"OLS, drop Cook's D > 4/n (2 dropped)",64,pua,-0.7582485207883392,0.04560053553698329,4.364873802950744e-62,0.7220845564636715,,
"OLS, exclude flagged surveys (21 dropped)",45,pua,-0.6814357312815014,0.07671175865639732,6.504146158273841e-19,0.5945735042167551,0.997760210803689,>=10% excluded / phone frame / unverified
"OLS, source-priority panel (DHS/national preferred)",66,pua,-0.7035203579158756,0.05594045256700561,2.8530134981208462e-36,0.6487602406093468,0.9847615071495671,3 countries change
Leave-one-country-out CV,66,,,,,0.6329428019348788,0.9995407577497132,CV R^2; LOO residuals
